{
  "POST /api/v1/auth/login" : {
    "transaction" : "POST /api/v1/auth/login",
    "sampleCount" : 1,
    "errorCount" : 0,
    "errorPct" : 0.0,
    "meanResTime" : 160.0,
    "medianResTime" : 160.0,
    "minResTime" : 160.0,
    "maxResTime" : 160.0,
    "pct1ResTime" : 160.0,
    "pct2ResTime" : 160.0,
    "pct3ResTime" : 160.0,
    "throughput" : 6.25,
    "receivedKBytesPerSec" : 3.460693359375,
    "sentKBytesPerSec" : 1.3671875
  },
  "GET /api/v1/hospitals/{id}" : {
    "transaction" : "GET /api/v1/hospitals/{id}",
    "sampleCount" : 19940,
    "errorCount" : 0,
    "errorPct" : 0.0,
    "meanResTime" : 410.3960381143439,
    "medianResTime" : 362.0,
    "minResTime" : 12.0,
    "maxResTime" : 2561.0,
    "pct1ResTime" : 895.0,
    "pct2ResTime" : 954.0,
    "pct3ResTime" : 1344.0,
    "throughput" : 165.4867917638369,
    "receivedKBytesPerSec" : 124.90480191276673,
    "sentKBytesPerSec" : 50.744973255707805
  },
  "POST /api/v1/emergency/recommend" : {
    "transaction" : "POST /api/v1/emergency/recommend",
    "sampleCount" : 10000,
    "errorCount" : 9830,
    "errorPct" : 98.3,
    "meanResTime" : 422.19159999999937,
    "medianResTime" : 40.0,
    "minResTime" : 2.0,
    "maxResTime" : 3597.0,
    "pct1ResTime" : 1766.8999999999996,
    "pct2ResTime" : 2488.7999999999956,
    "pct3ResTime" : 3047.959999999999,
    "throughput" : 114.75917786524978,
    "receivedKBytesPerSec" : 59.2753231367413,
    "sentKBytesPerSec" : 48.189889142634186
  },
  "Total" : {
    "transaction" : "Total",
    "sampleCount" : 70016,
    "errorCount" : 9830,
    "errorPct" : 14.039648,
    "meanResTime" : 361.41104890310726,
    "medianResTime" : 457.0,
    "minResTime" : 2.0,
    "maxResTime" : 3597.0,
    "pct1ResTime" : 1306.0,
    "pct2ResTime" : 1780.9000000000015,
    "pct3ResTime" : 2864.980000000003,
    "throughput" : 335.56513028933483,
    "receivedKBytesPerSec" : 1308.6725392371711,
    "sentKBytesPerSec" : 108.1378489079851
  },
  "GET /api/v1/hospitals" : {
    "transaction" : "GET /api/v1/hospitals",
    "sampleCount" : 20018,
    "errorCount" : 0,
    "errorPct" : 0.0,
    "meanResTime" : 429.1648516335307,
    "medianResTime" : 364.0,
    "minResTime" : 13.0,
    "maxResTime" : 2599.0,
    "pct1ResTime" : 905.0,
    "pct2ResTime" : 971.0,
    "pct3ResTime" : 1354.9800000000032,
    "throughput" : 166.1368898921911,
    "receivedKBytesPerSec" : 951.6688811301259,
    "sentKBytesPerSec" : 50.61983363902698
  },
  "Reseed available_beds from data.sql fixture" : {
    "transaction" : "Reseed available_beds from data.sql fixture",
    "sampleCount" : 1,
    "errorCount" : 0,
    "errorPct" : 0.0,
    "meanResTime" : 211.0,
    "medianResTime" : 211.0,
    "minResTime" : 211.0,
    "maxResTime" : 211.0,
    "pct1ResTime" : 211.0,
    "pct2ResTime" : 211.0,
    "pct3ResTime" : 211.0,
    "throughput" : 4.739336492890995,
    "receivedKBytesPerSec" : 0.046282582938388626,
    "sentKBytesPerSec" : 0.0
  },
  "GET /api/v1/specialties" : {
    "transaction" : "GET /api/v1/specialties",
    "sampleCount" : 20056,
    "errorCount" : 0,
    "errorPct" : 0.0,
    "meanResTime" : 214.79607100119648,
    "medianResTime" : 180.0,
    "minResTime" : 6.0,
    "maxResTime" : 1804.0,
    "pct1ResTime" : 450.0,
    "pct2ResTime" : 487.0,
    "pct3ResTime" : 837.9900000000016,
    "throughput" : 166.3321667302493,
    "receivedKBytesPerSec" : 1145.917071703586,
    "sentKBytesPerSec" : 51.00419956376785
  }
}