{
  "POST /api/v1/auth/login" : {
    "transaction" : "POST /api/v1/auth/login",
    "sampleCount" : 1,
    "errorCount" : 0,
    "errorPct" : 0.0,
    "meanResTime" : 155.0,
    "medianResTime" : 155.0,
    "minResTime" : 155.0,
    "maxResTime" : 155.0,
    "pct1ResTime" : 155.0,
    "pct2ResTime" : 155.0,
    "pct3ResTime" : 155.0,
    "throughput" : 6.451612903225806,
    "receivedKBytesPerSec" : 3.572328629032258,
    "sentKBytesPerSec" : 1.4112903225806452
  },
  "GET /api/v1/hospitals/{id}" : {
    "transaction" : "GET /api/v1/hospitals/{id}",
    "sampleCount" : 34448,
    "errorCount" : 0,
    "errorPct" : 0.0,
    "meanResTime" : 282.20329191825334,
    "medianResTime" : 310.0,
    "minResTime" : 13.0,
    "maxResTime" : 1447.0,
    "pct1ResTime" : 473.0,
    "pct2ResTime" : 575.0,
    "pct3ResTime" : 750.9800000000032,
    "throughput" : 287.1815392823796,
    "receivedKBytesPerSec" : 216.73150868420285,
    "sentKBytesPerSec" : 88.06152669401094
  },
  "POST /api/v1/emergency/recommend" : {
    "transaction" : "POST /api/v1/emergency/recommend",
    "sampleCount" : 10000,
    "errorCount" : 9830,
    "errorPct" : 98.3,
    "meanResTime" : 9.111800000000043,
    "medianResTime" : 2.0,
    "minResTime" : 0.0,
    "maxResTime" : 166.0,
    "pct1ResTime" : 38.0,
    "pct2ResTime" : 68.0,
    "pct3ResTime" : 95.0,
    "throughput" : 2008.0321285140562,
    "receivedKBytesPerSec" : 1047.9301973519075,
    "sentKBytesPerSec" : 843.2166164658634
  },
  "Total" : {
    "transaction" : "Total",
    "sampleCount" : 113570,
    "errorCount" : 9830,
    "errorPct" : 8.655455,
    "meanResTime" : 184.05165976930434,
    "medianResTime" : 3.0,
    "minResTime" : 0.0,
    "maxResTime" : 1447.0,
    "pct1ResTime" : 323.0,
    "pct2ResTime" : 444.0,
    "pct3ResTime" : 500.0,
    "throughput" : 901.5495506938049,
    "receivedKBytesPerSec" : 3709.407150001588,
    "sentKBytesPerSec" : 284.90534168803384
  },
  "GET /api/v1/hospitals" : {
    "transaction" : "GET /api/v1/hospitals",
    "sampleCount" : 34559,
    "errorCount" : 0,
    "errorPct" : 0.0,
    "meanResTime" : 320.3290315113279,
    "medianResTime" : 321.0,
    "minResTime" : 13.0,
    "maxResTime" : 1337.0,
    "pct1ResTime" : 495.0,
    "pct2ResTime" : 602.0,
    "pct3ResTime" : 775.0,
    "throughput" : 288.03007067609013,
    "receivedKBytesPerSec" : 1649.9139501152238,
    "sentKBytesPerSec" : 87.75916215912122
  },
  "Reseed available_beds from data.sql fixture" : {
    "transaction" : "Reseed available_beds from data.sql fixture",
    "sampleCount" : 1,
    "errorCount" : 0,
    "errorPct" : 0.0,
    "meanResTime" : 177.0,
    "medianResTime" : 177.0,
    "minResTime" : 177.0,
    "maxResTime" : 177.0,
    "pct1ResTime" : 177.0,
    "pct2ResTime" : 177.0,
    "pct3ResTime" : 177.0,
    "throughput" : 5.649717514124294,
    "receivedKBytesPerSec" : 0.05517302259887006,
    "sentKBytesPerSec" : 0.0
  },
  "GET /api/v1/specialties" : {
    "transaction" : "GET /api/v1/specialties",
    "sampleCount" : 34561,
    "errorCount" : 0,
    "errorPct" : 0.0,
    "meanResTime" : 0.5702091953357823,
    "medianResTime" : 1.0,
    "minResTime" : 0.0,
    "maxResTime" : 188.0,
    "pct1ResTime" : 1.0,
    "pct2ResTime" : 1.0,
    "pct3ResTime" : 2.0,
    "throughput" : 287.965138562549,
    "receivedKBytesPerSec" : 1983.8818203962114,
    "sentKBytesPerSec" : 88.30181006703161
  }
}